Distrito,Total del distrito,Hombres con riesgo alto y alto medio,Mujeres con riesgo alto y alto medio,Total con riesgo alto y alto medio,Proporción de riesgo alto y medio
Nicoya            ,24833,6878,7223,14101,0.5678331252768494
San Antonio       ,6642,1978,2046,4024,0.6058416139716952
Mansión           ,5717,1328,1366,2694,0.47122616757040403
Nosara            ,4912,164,163,327,0.06657166123778502
Sámara            ,3512,1632,1542,3174,0.9037585421412301
Belén de Nosarita ,2686,612,639,1251,0.4657483246463142
Quebrada Honda    ,2523,744,788,1532,0.6072136345620294
